reference_start,R_SEQ_NO,CD_AREA,NO_EQUP_SE,SD_NM,SGG_NM,CD_EQUP,GB_ACMD,EQUP_NM,RDNMADR_CD,BDONG_CD,HDONG_CD,LOC_SFPR_A,SECT_EQUP,QTY_CPTY,XCORD,YCORD,XX,YY,CD_GUBUN,distance_from_gangnam_station_m
강남역 인근 시연 시작점,3962.0,1165000000.0,436.0,서울특별시,서초구,1.0,학교,서초초등학교,1165010800113100006020003,1165010800.0,1165053100.0,서울특별시 서초구 서운로 178(서초동),528.0,203.0,127.02393,37.49952,202116.02199,544451.37383,긴급,369.9098499833975
강남역 인근 시연 시작점,3940.0,1165000000.0,452.0,서울특별시,서초구,1.0,학교,서일중학교,1165010800113130016019996,1165010800.0,1165053100.0,서울특별시 서초구 서운로21길 2(서초동),4301.0,1654.0,127.02218,37.49929,201961.6222,544425.18746,긴급,502.83821954787976
강남역 인근 시연 시작점,3939.0,1165000000.0,463.0,서울특별시,서초구,1.0,학교,서운중학교,1165010800113250001022542,1165010800.0,1165052000.0,서울특별시 서초구 서운로 115(서초동),1138.0,437.0,127.02452,37.49398,202168.41893,543836.59377,안전,518.3506287156542
강남역 인근 시연 시작점,3970.0,1168000000.0,529.0,서울특별시,강남구,4.0,관공서,역삼1문화센터,1168010100108290020000001,1168010100.0,1168064000.0,서울특별시 강남구 역삼로7길 16(역삼동),1473.0,566.0,127.03327,37.4954,202941.77689,543993.51255,긴급,572.9044652304555
강남역 인근 시연 시작점,3942.0,1165000000.0,385.0,서울특별시,서초구,4.0,관공서,서초2동주민센터,1165010800113320006023232,1165010800.0,1165052000.0,서울특별시 서초구 서초대로70길 51(서초동),772.0,296.0,127.02493,37.49207,202204.30453,543624.10543,안전,694.5187368207198
강남역 인근 시연 시작점,3943.0,1165000000.0,471.0,서울특별시,서초구,4.0,관공서,서초4동주민센터,1165010800113020006020157,1165010800.0,1165053100.0,서울특별시 서초구 서운로26길 3(서초동),871.0,335.0,127.02,37.5,201768.50889,544504.31567,긴급,710.176974095835
강남역 인근 시연 시작점,3961.0,1165000000.0,342.0,서울특별시,서초구,1.0,학교,서이초등학교,1165010800113340002023194,1165010800.0,1165052000.0,서울특별시 서초구 서운로 35(서초동),581.0,223.0,127.02599,37.49161,202298.65741,543572.80506,안전,718.4036689386647
강남역 인근 시연 시작점,3930.0,1165000000.0,439.0,서울특별시,서초구,1.0,학교,반포고등학교,1165010700100300019027548,1165010700.0,1165056000.0,서울특별시 서초구 고무래로 71(반포동),561.0,215.0,127.01632,37.50219,201442.84985,544746.87056,긴급,1103.1952451524817
강남역 인근 시연 시작점,4022.0,1168000000.0,491.0,서울특별시,강남구,1.0,학교,논현초등학교,1168010800101680000008742,1168010800.0,1168052100.0,서울특별시 강남구 강남대로120길 33(논현동),12078.0,4645.0,127.02612,37.50842,202309.23472,545438.6945,안전,1172.8110650748142
강남역 인근 시연 시작점,3933.0,1165000000.0,464.0,서울특별시,서초구,1.0,학교,서원초등학교,1165010700100300008018424,1165010700.0,1165056000.0,서울특별시 서초구 고무래로 63(반포동),601.0,231.0,127.01455,37.50287,201286.92562,544822.69689,긴급,1276.6734602386878
강남역 인근 시연 시작점,3989.0,1168000000.0,542.0,서울특별시,강남구,4.0,관공서,도곡1문화센터,1168011800108920006000001,1168011800.0,1168065500.0,서울특별시 강남구 도곡로18길 57(도곡동),183.0,70.0,127.03887,37.48837,203437.79898,543214.11504,안전,1455.1637266970663
강남역 인근 시연 시작점,3959.0,1165000000.0,1.0,서울특별시,서초구,1.0,학교,서일초등학교,1165010800114360008024521,1165010800.0,1165051000.0,서울특별시 서초구 남부순환로339길 38(서초동),653.0,251.0,127.02235,37.48517,201976.70224,542857.97721,안전,1494.1444862015326
강남역 인근 시연 시작점,4008.0,1168000000.0,16.0,서울특별시,강남구,1.0,학교,언주초등학교,1168011800109220000000719,1168011800.0,1168065500.0,서울특별시 강남구 남부순환로363길 19(도곡동),20086.0,7725.0,127.03703,37.48665,203275.22669,543022.65272,안전,1505.0742393066685
강남역 인근 시연 시작점,4023.0,1168000000.0,523.0,서울특별시,강남구,4.0,관공서,논현1문화센터,1168010800101330013027971,1168010800.0,1168052100.0,서울특별시 강남구 학동로20길 25(논현동),437.0,168.0,127.02851,37.5115,202520.76771,545781.0017,안전,1509.8456939115829
강남역 인근 시연 시작점,3931.0,1165000000.0,445.0,서울특별시,서초구,1.0,학교,원촌중학교,1165010700100220000027531,1165010700.0,1165056000.0,서울특별시 서초구 사평대로45길 10(반포동),588.0,226.0,127.01398,37.50633,201236.19835,545206.39834,긴급,1522.5456134284389
강남역 인근 시연 시작점,3934.0,1165000000.0,465.0,서울특별시,서초구,1.0,학교,원촌초등학교,1165010700100210000018284,1165010700.0,1165056000.0,서울특별시 서초구 사평대로45길 26(반포동),555.0,213.0,127.01272,37.5061,201124.38569,545181.38706,긴급,1597.160383981481
강남역 인근 시연 시작점,3969.0,1168000000.0,530.0,서울특별시,강남구,1.0,학교,역삼중학교,1168010100107670020024787,1168010100.0,1168065000.0,서울특별시 강남구 도곡로43길 10(역삼동),2424.0,932.0,127.0486,37.49595,204297.4453,544055.72315,안전,1864.0459453408944
강남역 인근 시연 시작점,3963.0,1168000000.0,3.0,서울특별시,강남구,1.0,학교,학동초등학교,1168010800102640007007179,1168010800.0,1168053100.0,서울특별시 강남구 선릉로115길 42(논현동),190.0,73.0,127.03943,37.51206,203486.12177,545843.18124,안전,1884.254471972164
강남역 인근 시연 시작점,3968.0,1168000000.0,15.0,서울특별시,강남구,1.0,학교,도성초등학교,1168010100107140000023399,1168010100.0,1168065000.0,서울특별시 강남구 역삼로 313(역삼동),2225.0,855.0,127.04918,37.50091,204349.01589,544606.02594,안전,1930.4287899868152
강남역 인근 시연 시작점,3957.0,1165000000.0,476.0,서울특별시,서초구,4.0,관공서,반포1동주민센터,1165010700100200048000001,1165010700.0,1165056000.0,서울특별시 서초구 사평대로 273(반포동),239.0,91.0,127.01,37.51,200884.13651,545614.04606,긴급,2052.840453737305
강남역 인근 시연 시작점,3918.0,1165000000.0,460.0,서울특별시,서초구,3.0,경로당,구립우면경로당,1165010200100060001007669,1165010200.0,1165065100.0,서울특별시 서초구 바우뫼로41길 38-3 (양재동),66.0,25.0,127.04082,37.4823,203610.06966,542540.92655,긴급,2093.026844060587
강남역 인근 시연 시작점,3936.0,1165000000.0,444.0,서울특별시,서초구,1.0,학교,서초고등학교,1165010800115040000022278,1165010800.0,1165053000.0,서울특별시 서초구 반포대로27길 29(서초동),610.0,234.0,127.00604,37.48924,200533.82671,543309.93323,안전,2135.5623821297545
강남역 인근 시연 시작점,3937.0,1165000000.0,406.0,서울특별시,서초구,1.0,학교,서초중학교,1165010800117410007021283,1165010800.0,1165053000.0,서울특별시 서초구 반포대로13길 48(서초동),405.0,155.0,127.00883,37.48565,200781.00979,542911.06063,안전,2148.4368823583814
강남역 인근 시연 시작점,3948.0,1165000000.0,351.0,서울특별시,서초구,1.0,학교,경원중학교,1165010600100660001017504,1165010600.0,1165058000.0,서울특별시 서초구 신반포로33길 39(잠원동),723.0,278.0,127.00888,37.51076,200784.64645,545697.84588,긴급,2182.842966872062
강남역 인근 시연 시작점,3925.0,1165000000.0,386.0,서울특별시,서초구,4.0,관공서,잠원동주민센터,1165010600100580027019687,1165010600.0,1165054000.0,서울특별시 서초구 나루터로 38(잠원동),1468.0,564.0,127.01406,37.51493,201243.17679,546161.57333,안전,2236.018954385355
강남역 인근 시연 시작점,4010.0,1168000000.0,531.0,서울특별시,강남구,1.0,학교,대치중학교,1168011800104600000026372,1168011800.0,1168065600.0,서울특별시 강남구 남부순환로378길 39(도곡동),1006.0,386.0,127.04746,37.4846,204197.72955,542796.43163,긴급,2294.404928886011
강남역 인근 시연 시작점,4009.0,1168000000.0,532.0,서울특별시,강남구,1.0,학교,대도초등학교,1168011800101060001000058,1168011800.0,1168065600.0,서울특별시 강남구 선릉로 209(도곡동),1861.0,715.0,127.05283,37.49272,204672.1165,543697.77115,안전,2298.579449719464
강남역 인근 시연 시작점,4000.0,1168000000.0,520.0,서울특별시,강남구,4.0,관공서,논현2문화센터,1168010800101140024005886,1168010800.0,1168053100.0,서울특별시 강남구 학동로43길 17(논현동),1635.0,628.0,127.03705,37.51737,203275.3885,546433.08431,긴급,2315.108283373105
강남역 인근 시연 시작점,3995.0,1168000000.0,528.0,서울특별시,강남구,1.0,학교,도곡초등학교,1168010600109240010013723,1168010600.0,1168063000.0,서울특별시 강남구 선릉로64길 33(대치동),12553.0,4828.0,127.05447,37.49955,204816.4048,544455.5018,긴급,2375.4183548212072
강남역 인근 시연 시작점,3923.0,1165000000.0,409.0,서울특별시,서초구,1.0,학교,신동중학교,1165010600100540006019086,1165010600.0,1165054000.0,서울특별시 서초구 나루터로 27(잠원동),730.0,280.0,127.0132,37.5166,201167.10414,546346.84457,안전,2433.7398500109025
강남역 인근 시연 시작점,3956.0,1165000000.0,473.0,서울특별시,서초구,4.0,관공서,반포4동주민센터,1165010700100740007000001,1165010700.0,1165058100.0,서울특별시 서초구 사평대로28길 70(반포동),1946.0,748.0,127.0,37.5,200000.0,544504.12777,긴급,2447.326728354028
강남역 인근 시연 시작점,3949.0,1165000000.0,377.0,서울특별시,서초구,1.0,학교,반원초등학교,1165010600100720000017515,1165010600.0,1165058000.0,서울특별시 서초구 잠원로3길 28(잠원동),374.0,143.0,127.00388,37.51012,200342.67661,545627.40119,안전,2493.945063693993
강남역 인근 시연 시작점,3924.0,1165000000.0,419.0,서울특별시,서초구,4.0,관공서,반포3동주민센터,1165010600100710007017444,1165010600.0,1165058000.0,서울특별시 서초구 신반포로23길 78(잠원동),748.0,287.0,127.00558,37.51207,200493.30449,545843.62634,안전,2499.682930691586
강남역 인근 시연 시작점,3938.0,1165000000.0,407.0,서울특별시,서초구,1.0,학교,서울고등학교,1165010800115260001022302,1165010800.0,1165053000.0,서울특별시 서초구 효령로 197(서초동),2520.0,969.0,127.00557,37.48372,200492.61983,542697.23149,안전,2506.956236252046
강남역 인근 시연 시작점,3947.0,1165000000.0,5.0,서울특별시,서초구,1.0,학교,신동초등학교,1165010600100540005018857,1165010600.0,1165054000.0,서울특별시 서초구 나루터로 15(잠원동),577.0,222.0,127.01189,37.51689,201051.46516,546379.37618,안전,2522.9444901767333
강남역 인근 시연 시작점,3960.0,1165000000.0,405.0,서울특별시,서초구,1.0,학교,신중초등학교,1165010800114660005000003,1165010800.0,1165053000.0,서울특별시 서초구 남부순환로317길 15(서초동),784.0,301.0,127.00934,37.48019,200826.46909,542305.84669,안전,2548.879205882039
강남역 인근 시연 시작점,3927.0,1165000000.0,11.0,서울특별시,서초구,1.0,학교,방배중학교,1165010700105860001017058,1165010700.0,1165058100.0,서울특별시 서초구 동광로 144(반포동),99.0,38.0,126.99848,37.49425,199865.77139,543866.31885,안전,2603.3117746761563
강남역 인근 시연 시작점,3993.0,1168000000.0,10.0,서울특별시,강남구,1.0,학교,단국대학교사범대학부속고등학교,1168010600110130003014295,1168010600.0,1168060000.0,서울특별시 강남구 도곡로64길 21(대치동),4601.0,1769.0,127.05699,37.4952,205039.40531,543972.3674,안전,2608.899760067289
강남역 인근 시연 시작점,3996.0,1168000000.0,328.0,서울특별시,강남구,4.0,관공서,대치1문화센터,1168010600106460002000001,1168010600.0,1168060000.0,서울특별시 강남구 남부순환로391길 19(대치동),459.0,176.0,127.05677,37.49325,205020.49128,543755.98019,안전,2624.017989445282
강남역 인근 시연 시작점,3929.0,1165000000.0,348.0,서울특별시,서초구,1.0,학교,잠원초등학교,1165010700100170000000002,1165010700.0,1165057000.0,서울특별시 서초구 신반포로16길 15-25 (반포동),685.0,263.0,126.9979,37.50195,199814.45819,544721.0152,긴급,2659.453386103495
강남역 인근 시연 시작점,3914.0,1165000000.0,378.0,서울특별시,서초구,1.0,학교,양재초등학교,1165010200101010000005504,1165010200.0,1165065100.0,서울특별시 서초구 바우뫼로18길 14(양재동),558.0,214.0,127.03191,37.47419,202822.74974,541640.31212,긴급,2667.868568057001
강남역 인근 시연 시작점,3997.0,1168000000.0,330.0,서울특별시,강남구,4.0,관공서,대치4문화센터,1168010600109280022013655,1168010600.0,1168063000.0,서울특별시 강남구 도곡로77길 23(대치동),958.0,368.0,127.05788,37.49967,205118.41437,544469.49772,안전,2676.4072536500003
강남역 인근 시연 시작점,3896.0,1165000000.0,427.0,서울특별시,서초구,3.0,경로당,암산마을경로당,1165010300100550000005917,1165010300.0,1165065100.0,서울특별시 서초구 바우뫼로7길 84(우면동),99.0,38.0,127.02443,37.47352,202160.94319,541565.37581,안전,2729.928937080603
강남역 인근 시연 시작점,3974.0,1168000000.0,533.0,서울특별시,강남구,1.0,학교,구룡중학교,1168010300106500000019186,1168010300.0,1168066000.0,서울특별시 강남구 선릉로 103(개포동),1129.0,434.0,127.05575,37.4861,204930.20242,542963.09356,긴급,2809.387399439811
강남역 인근 시연 시작점,3973.0,1168000000.0,536.0,서울특별시,강남구,1.0,학교,구룡초등학교,1168010300106550000019635,1168010300.0,1168069000.0,서울특별시 강남구 개포로 263(개포동),1810.0,696.0,127.05205,37.48132,204603.95067,542432.5376,긴급,2839.231320562558
강남역 인근 시연 시작점,3998.0,1168000000.0,318.0,서울특별시,강남구,1.0,학교,신구초등학교,1168010700105500011010531,1168010700.0,1168051000.0,서울특별시 강남구 압구정로18길 28(신사동),14793.0,5689.0,127.02394,37.52336,202116.04939,547096.53658,긴급,2845.151355594685
강남역 인근 시연 시작점,3899.0,1165000000.0,408.0,서울특별시,서초구,1.0,학교,상문고등학교,1165010100110020023022173,1165010100.0,1165053000.0,서울특별시 서초구 명달로 45(방배동),2100.0,807.0,127.00483,37.47946,200427.56563,542224.91182,안전,2875.0170847412214
강남역 인근 시연 시작점,3922.0,1165000000.0,340.0,서울특별시,서초구,1.0,학교,우암초등학교,1165010300100580000005970,1165010300.0,1165065100.0,서울특별시 서초구 바우뫼로7길 38(우면동),456.0,175.0,127.02428,37.47208,202148.01571,541405.75052,안전,2890.563094262944
강남역 인근 시연 시작점,3951.0,1168000000.0,7.0,서울특별시,강남구,1.0,학교,언북초등학교,1168010400100270000018752,1168010400.0,1168056500.0,서울특별시 강남구 삼성로135길 42(청담동),15560.0,5984.0,127.04564,37.51999,204034.4138,546723.64108,긴급,2921.98502358375
강남역 인근 시연 시작점,3999.0,1168000000.0,522.0,서울특별시,강남구,4.0,관공서,신사문화센터,1168010700105480001010457,1168010700.0,1168051000.0,서울특별시 강남구 압구정로 128(신사동),1722.0,662.0,127.02279,37.52398,202014.84794,547165.82535,긴급,2926.689168420652
강남역 인근 시연 시작점,3892.0,1165000000.0,13.0,서울특별시,서초구,1.0,학교,방일초등학교,1165010100101670004015466,1165010100.0,1165060000.0,서울특별시 서초구 방배로18길 52(방배동),1962.0,754.0,126.99841,37.4854,199858.96491,542883.35953,안전,2930.1472572682524
강남역 인근 시연 시작점,3928.0,1165000000.0,412.0,서울특별시,서초구,1.0,학교,신반포중학교,1165010700100030001017692,1165010700.0,1165057000.0,서울특별시 서초구 신반포로19길 26(반포동),863.0,331.0,126.99576,37.50597,199625.4623,545166.80906,긴급,2948.942313696926
강남역 인근 시연 시작점,3994.0,1168000000.0,527.0,서울특별시,강남구,1.0,학교,대명중학교,1168010600109520000026398,1168010600.0,1168061000.0,서울특별시 강남구 역삼로87길 26(대치동),1623.0,624.0,127.06039,37.50623,205339.40859,545196.71342,안전,3034.2000119871104
강남역 인근 시연 시작점,3932.0,1165000000.0,448.0,서울특별시,서초구,1.0,학교,세화여자고등학교,1165010700107530000018801,1165010700.0,1165055000.0,서울특별시 서초구 신반포로 56-7 (반포동),1175.0,451.0,126.99329,37.50222,199406.91095,544750.29046,긴급,3065.647761044064
강남역 인근 시연 시작점,3946.0,1165000000.0,474.0,서울특별시,서초구,4.0,관공서,양재1동주민센터,1165010300100680002007616,1165010300.0,1165065100.0,서울특별시 서초구 바우뫼로 41(우면동),321.0,123.0,127.03,37.47,202653.82429,541174.9478,안전,3113.875609374043
강남역 인근 시연 시작점,3905.0,1165000000.0,401.0,서울특별시,서초구,3.0,경로당,방배1동제1경로당,1165010100101440018014342,1165010100.0,1165060000.0,서울특별시 서초구 서초대로 114-8 (방배동),131.0,50.0,126.9947,37.48755,199531.29032,543121.99644,안전,3125.729437110534
강남역 인근 시연 시작점,3912.0,1165000000.0,393.0,서울특별시,서초구,4.0,관공서,방배3동주민센터,1165010100109830014011482,1165010100.0,1165062000.0,서울특별시 서초구 방배로10길 10-20 (방배동),677.0,260.0,126.99946,37.4803,199952.58709,542317.58927,안전,3165.498523954201
강남역 인근 시연 시작점,3920.0,1165000000.0,468.0,서울특별시,서초구,14.0,"공공시설(국·공립도서관, 공립병원, 시·도민회관, 구민회관 주민체육시설, 노인병원, 어린이도서관 등)",언남문화체육센터,1165010200103090000003104,1165010200.0,1165065200.0,서울특별시 서초구 동산로13길 35(양재동),330.0,126.0,127.04337,37.47232,203836.58872,541432.79846,안전,3169.698077974835
강남역 인근 시연 시작점,3915.0,1165000000.0,450.0,서울특별시,서초구,1.0,학교,언남중학교,1165010200103100000003164,1165010200.0,1165065200.0,서울특별시 서초구 동산로 55(양재동),1700.0,653.0,127.04411,37.47254,203902.13381,541456.73541,안전,3177.0956252350666
강남역 인근 시연 시작점,3958.0,1165000000.0,466.0,서울특별시,서초구,14.0,"공공시설(국·공립도서관, 공립병원, 시·도민회관, 구민회관 주민체육시설, 노인병원, 어린이도서관 등)",심산기념문화센터,1165010700101140003017800,1165010700.0,1165057000.0,서울특별시 서초구 사평대로 55(반포동),917.0,352.0,126.99157,37.49904,199254.58604,544397.2529,안전,3182.633579515776
강남역 인근 시연 시작점,3916.0,1165000000.0,457.0,서울특별시,서초구,1.0,학교,매헌초등학교,1165010200103110001000002,1165010200.0,1165065200.0,서울특별시 서초구 언남길 8(양재동),665.0,255.0,127.04203,37.47124,203718.05604,541313.22443,안전,3229.709477075937
강남역 인근 시연 시작점,3926.0,1165000000.0,6.0,서울특별시,서초구,1.0,학교,반포초등학교,1165010700109370000018837,1165010700.0,1165055000.0,서울특별시 서초구 신반포로 55-4 (반포동),252.0,96.0,126.99098,37.50314,199202.91864,544852.3013,긴급,3283.553432021955
강남역 인근 시연 시작점,3919.0,1165000000.0,475.0,서울특별시,서초구,4.0,관공서,양재2동주민센터,1165010200103230001003272,1165010200.0,1165065200.0,서울특별시 서초구 강남대로12길 44(양재동),350.0,134.0,127.04,37.47,203538.43242,541175.27654,안전,3293.230846392661
강남역 인근 시연 시작점,3971.0,1168000000.0,21.0,서울특별시,강남구,1.0,학교,포이초등학교,1168010300102730000020783,1168010300.0,1168069000.0,서울특별시 강남구 개포로22길 87(개포동),12490.0,4803.0,127.05288,37.47603,204677.2551,541844.99941,안전,3301.934985485171
강남역 인근 시연 시작점,3953.0,1168000000.0,526.0,서울특별시,강남구,1.0,학교,경기고등학교,1168010500100740004014890,1168010500.0,1168058000.0,서울특별시 강남구 영동대로 643(삼성동),614.0,236.0,127.056,37.51743,204950.97028,546439.60882,안전,3311.1032132457435
강남역 인근 시연 시작점,3910.0,1165000000.0,389.0,서울특별시,서초구,4.0,관공서,방배1동주민센터,1165010100109220018015457,1165010100.0,1165060000.0,서울특별시 서초구 효령로29길 43(방배동),598.0,230.0,126.99449,37.48335,199512.96659,542656.32589,긴급,3343.0290440788817
강남역 인근 시연 시작점,3891.0,1165000000.0,12.0,서울특별시,서초구,1.0,학교,서래초등학교,1165010100107710000015657,1165010100.0,1165059000.0,서울특별시 서초구 방배로 260(방배동),2441.0,938.0,126.9893,37.4963,199053.45886,544093.73723,긴급,3385.5156199811126
강남역 인근 시연 시작점,3913.0,1165000000.0,472.0,서울특별시,서초구,4.0,관공서,방배본동주민센터,1165010100107740009016396,1165010100.0,1165059000.0,서울특별시 서초구 동광로19길 38(방배동),324.0,127.0,126.99,37.49,199115.62765,543394.30532,긴급,3434.408529526764
강남역 인근 시연 시작점,3917.0,1165000000.0,429.0,서울특별시,서초구,3.0,경로당,잔디마을경로당,1165010200102050004003843,1165010200.0,1165065200.0,서울특별시 서초구 매헌로6길 58(양재동),65.0,25.0,127.03548,37.46625,203138.77828,540758.6275,안전,3591.3713455694988
강남역 인근 시연 시작점,3955.0,1165000000.0,459.0,서울특별시,서초구,3.0,경로당,구립반포본동경로당,1165010700111270000018823,1165010700.0,1165055000.0,"서울특별시 서초구 신반포로 32(반포동, 반포아파트)",73.0,27.0,126.9861,37.50026,198770.44843,544532.88988,긴급,3671.8816896052463
강남역 인근 시연 시작점,3909.0,1165000000.0,402.0,서울특별시,서초구,3.0,경로당,구립방배4동경로당,1165010100108210001010036,1165010100.0,1165062100.0,서울특별시 서초구 방배중앙로19길 4(방배동),146.0,56.0,126.9869,37.48987,198841.55602,543380.05937,긴급,3702.859111515079
강남역 인근 시연 시작점,3903.0,1165000000.0,424.0,서울특별시,서초구,3.0,경로당,기령당경로당,1165010100107780016015985,1165010100.0,1165059000.0,서울특별시 서초구 방배중앙로 159-6 (방배동),66.0,25.0,126.98596,37.49332,198758.42543,543763.34458,긴급,3711.0587722775326
강남역 인근 시연 시작점,3921.0,1165000000.0,415.0,서울특별시,서초구,1.0,학교,우면초등학교,1165010300102860000000001,1165010300.0,1165065100.0,서울특별시 서초구 태봉로 59(우면동),764.0,293.0,127.0236,37.46466,202087.9174,540582.00269,긴급,3717.529285526286
강남역 인근 시연 시작점,3952.0,1168000000.0,524.0,서울특별시,강남구,1.0,학교,청담중학교,1168010400101430000017129,1168010400.0,1168056500.0,서울특별시 강남구 압구정로61길 36(청담동),1944.0,747.0,127.04554,37.52852,204025.5635,547670.26386,안전,3749.734256602324
강남역 인근 시연 시작점,3898.0,1165000000.0,349.0,서울특별시,서초구,1.0,학교,방배초등학교,1165010100108610001024669,1165010100.0,1165062100.0,서울특별시 서초구 방배중앙로13길 26(방배동),726.0,279.0,126.98718,37.48746,198866.10518,543112.52114,안전,3753.3253106125694
강남역 인근 시연 시작점,3975.0,1168000000.0,534.0,서울특별시,강남구,1.0,학교,양전초등학교,1168010300101830000019091,1168010300.0,1168067000.0,서울특별시 강남구 개포로 513(개포동),1897.0,729.0,127.06912,37.49026,206112.86372,543425.0228,안전,3759.563167620593
강남역 인근 시연 시작점,3954.0,1168000000.0,525.0,서울특별시,강남구,1.0,학교,봉은초등학교,1168010500100790002014624,1168010500.0,1168058000.0,서울특별시 강남구 학동로 610(삼성동),2361.0,908.0,127.06079,37.5201,205374.03282,546736.77062,안전,3825.178832179855
강남역 인근 시연 시작점,3902.0,1165000000.0,467.0,서울특별시,서초구,1.0,학교,서문여자고등학교,1165010100115140000010278,1165010100.0,1165062100.0,서울특별시 서초구 동광로12길 84(방배동),1023.0,393.0,126.9855,37.48934,198717.51089,543321.37662,긴급,3837.0823614009
강남역 인근 시연 시작점,4650.0,1117000000.0,431.0,서울특별시,용산구,4.0,관공서,서빙고동 주민센터,1117013300101340000029055,1117013300.0,1117069000.0,서울특별시 용산구 서빙고로 279(서빙고동),113.0,30.0,126.99464,37.52049,199525.89333,546777.95553,안전,3840.541238113493
강남역 인근 시연 시작점,4651.0,1117000000.0,324.0,서울특별시,용산구,1.0,학교,오산고등학교,1117013600101680004001643,1117013600.0,1117070000.0,서울특별시 용산구 보광로7길 17(보광동),800.0,240.0,126.99976,37.52454,199979.16672,547228.1982,안전,3845.395996021517
강남역 인근 시연 시작점,3904.0,1165000000.0,396.0,서울특별시,서초구,3.0,경로당,구립 방배3동 제1경로당,1165010100105370050010887,1165010100.0,1165062000.0,서울특별시 서초구 효령로14다길 21(방배동),60.0,20.0,126.99162,37.47823,199258.41614,542087.62119,안전,3859.0553286389854
강남역 인근 시연 시작점,3901.0,1165000000.0,453.0,서울특별시,서초구,1.0,학교,서문여자중학교,1165010100115140000009314,1165010100.0,1165062100.0,서울특별시 서초구 동광로12길 84(방배동),5700.0,2192.0,126.98457,37.48882,198635.34416,543262.96288,긴급,3931.125878554649
강남역 인근 시연 시작점,3893.0,1165000000.0,414.0,서울특별시,서초구,1.0,학교,동덕여자중고등학교,1165010100200820000000003,1165010100.0,1165062000.0,서울특별시 서초구 효령로2길 123-5 (방배동),13162.0,5062.0,126.99251,37.47587,199337.53342,541825.8737,긴급,3952.0962703626296
강남역 인근 시연 시작점,3950.0,1168000000.0,535.0,서울특별시,강남구,1.0,학교,개원중학교,1168010300101840000019087,1168010300.0,1168067000.0,서울특별시 강남구 영동대로 101(개포동),2034.0,782.0,127.07174,37.49172,206343.90093,543587.54403,안전,3953.367468457096
강남역 인근 시연 시작점,4652.0,1117000000.0,446.0,서울특별시,용산구,3.0,경로당,보광종점경로당,1117013600102170032002847,1117013600.0,1117070000.0,서울특별시 용산구 장문로 95(보광동),75.0,20.0,127.00005,37.52638,200004.75119,547431.97347,안전,3989.241004721546
강남역 인근 시연 시작점,4649.0,1117000000.0,323.0,서울특별시,용산구,1.0,학교,서빙고초등학교,1117013300100040059003875,1117013300.0,1117069000.0,서울특별시 용산구 서빙고로51길 14(서빙고동),1650.0,500.0,126.9924,37.52215,199328.41444,546962.08509,안전,4110.700665347546
강남역 인근 시연 시작점,3911.0,1165000000.0,390.0,서울특별시,서초구,4.0,관공서,방배2동주민센터,1165010100104620013013079,1165010100.0,1165061000.0,서울특별시 서초구 청두곶길 36(방배동),898.0,345.0,126.98558,37.47979,198724.9357,542261.4842,안전,4222.6973265098495
강남역 인근 시연 시작점,3897.0,1165000000.0,428.0,서울특별시,서초구,3.0,경로당,소동마을경로당,1165010300104760006007133,1165010300.0,1165065100.0,서울특별시 서초구 송동길 27(우면동),99.0,38.0,127.01711,37.46017,201513.48829,540084.02161,안전,4301.011327751685
강남역 인근 시연 시작점,3967.0,1165000000.0,470.0,서울특별시,서초구,13.0,"연수,숙박",오라카이 청계산 호텔,1165011100102710021000002,1165011100.0,1165066000.0,서울특별시 서초구 청계산로9길 1-7 (신원동),20177.0,386.0,127.04696,37.46221,204154.81621,540310.8658,긴급,4324.010386714221
강남역 인근 시연 시작점,4035.0,1171000000.0,497.0,서울특별시,송파구,1.0,학교,서울아주초등학교,1171010100101150000000054,1171010100.0,1171072000.0,서울특별시 송파구 올림픽로4길 59(잠실동),5824.0,2240.0,127.07598,37.50537,206717.78778,545102.49615,안전,4345.336563433794
강남역 인근 시연 시작점,3826.0,1159000000.0,100.0,서울특별시,동작구,13.0,"연수,숙박",코자자모텔,1159010700101470050011895,1159010700.0,1159062000.0,서울특별시 동작구 사당로30길 5(사당동),11.0,20.0,126.98112,37.48475,198330.39504,542811.42539,긴급,4356.844092941245
강남역 인근 시연 시작점,3894.0,1165000000.0,14.0,서울특별시,서초구,1.0,학교,이수초등학교,1165010100104680006013378,1165010100.0,1165061000.0,서울특별시 서초구 방배천로4길 23(방배동),165.0,63.0,126.98461,37.47846,198638.98752,542113.80676,긴급,4369.4907520451525
강남역 인근 시연 시작점,3972.0,1168000000.0,25.0,서울특별시,강남구,1.0,학교,대진초등학교,1168010300100130000019039,1168010300.0,1168074000.0,서울특별시 강남구 개포로109길 74(개포동),330.0,126.0,127.07804,37.49669,206901.24647,544139.19339,긴급,4450.225409727667
강남역 인근 시연 시작점,3966.0,1165000000.0,447.0,서울특별시,서초구,4.0,관공서,내곡동주민센터,1165011100103400003000001,1165011100.0,1165066000.0,서울특별시 서초구 청계산로15길 77(신원동),628.0,241.0,127.0512,37.46197,204529.31439,540284.55293,긴급,4508.526833987008
강남역 인근 시연 시작점,3824.0,1159000000.0,88.0,서울특별시,동작구,1.0,학교,서울동작초등학교,1159010700200090001013549,1159010700.0,1159063000.0,서울특별시 동작구 동작대로29길 214(사당동),922.0,354.0,126.97651,37.4941,197922.67704,543850.12427,안전,4529.1764138567005
강남역 인근 시연 시작점,3841.0,1159000000.0,89.0,서울특별시,동작구,1.0,학교,동작중학교,1159010600200090001013006,1159010600.0,1159063000.0,서울특별시 동작구 동작대로39가길 83(동작동),539.0,207.0,126.97627,37.49508,197901.61948,543958.72694,안전,4541.296488841364
강남역 인근 시연 시작점,4005.0,1168000000.0,539.0,서울특별시,강남구,1.0,학교,중동중학교,1168011400106920000002797,1168011400.0,1168074000.0,서울특별시 강남구 일원로8길 37(일원동),4150.0,1596.0,127.0787,37.48832,206960.00638,543211.1779,안전,4631.746831070705
강남역 인근 시연 시작점,3843.0,1159000000.0,67.0,서울특별시,동작구,1.0,학교,남사초등학교,1159010700110110001009955,1159010700.0,1159062000.0,서울특별시 동작구 동작대로13길 22(사당동),180.0,69.0,126.97886,37.48234,198130.43885,542544.71238,긴급,4638.574614132471
강남역 인근 시연 시작점,3900.0,1165000000.0,399.0,서울특별시,서초구,1.0,학교,서울전자고등학교,1165010100127270000013713,1165010100.0,1165061000.0,서울특별시 서초구 과천대로 852-23 (방배동),270.0,103.0,126.98825,37.46981,198960.87486,541154.10961,안전,4674.554528954919
강남역 인근 시연 시작점,4003.0,1168000000.0,24.0,서울특별시,강남구,1.0,학교,중동고등학교,1168011400106180000002022,1168011400.0,1168073000.0,서울특별시 강남구 일원로 7(일원동),17178.0,6606.0,127.08077,37.49313,207142.93346,543744.96041,안전,4719.411637411547
강남역 인근 시연 시작점,3825.0,1159000000.0,80.0,서울특별시,동작구,1.0,학교,서울삼일초등학교,1159010700200180036000001,1159010700.0,1159064000.0,서울특별시 동작구 사당로23나길 27(사당동),630.0,242.0,126.9752,37.48828,197806.92927,543204.1537,안전,4747.856308739295
강남역 인근 시연 시작점,4006.0,1168000000.0,538.0,서울특별시,강남구,1.0,학교,영희초등학교,1168011400106170000002246,1168011400.0,1168073000.0,서울특별시 강남구 일원로 21(일원동),5592.0,2150.0,127.081,37.49227,207163.26417,543649.5912,안전,4751.34091642151
강남역 인근 시연 시작점,4619.0,1117000000.0,428.0,서울특별시,용산구,4.0,관공서,이태원1동 주민센터,1117013000101000003010228,1117013000.0,1117065000.0,서울특별시 용산구 보광로 104-6 (이태원동),167.0,30.0,126.99507,37.53245,199564.43073,548106.16457,안전,4792.397588278155
강남역 인근 시연 시작점,3822.0,1159000000.0,59.0,서울특별시,동작구,1.0,학교,서울남성초등학교,1159010700103240018007885,1159010700.0,1159064000.0,서울특별시 동작구 사당로23길 57-14 (사당동),804.0,309.0,126.97581,37.48461,197860.41955,542796.32659,안전,4805.361272245415
강남역 인근 시연 시작점,3890.0,1162000000.0,420.0,서울특별시,관악구,13.0,"연수,숙박",명작모텔,1162010300106020004023869,1162010300.0,1162063000.0,서울특별시 관악구 승방2길 25(남현동),1062.0,54.0,126.98092,37.47497,198311.99461,541725.91183,안전,4847.884221751793
강남역 인근 시연 시작점,4036.0,1171000000.0,495.0,서울특별시,송파구,13.0,"연수,숙박",에이 플러스,1171010100101790000000664,1171010100.0,1171065000.0,서울특별시 송파구 백제고분로7길 15-10 (잠실동),1549.0,192.0,127.08066,37.51101,207131.20088,545729.34353,안전,4899.261140367906
강남역 인근 시연 시작점,4647.0,1117000000.0,22.0,서울특별시,용산구,1.0,학교,서울한남초등학교,1117013100107260001004599,1117013100.0,1117068500.0,서울특별시 용산구 한남대로 112(한남동),7768.0,1180.0,127.00525,37.53902,200463.74003,548834.80597,안전,4975.743250221196
